input a,input b,pearson_corr,pearson_p,survey_origin,measure
[ 46.25 -52.92  -8.33   4.58  10.42],[ -0.84  25.52 -14.64 -10.46   0.42],-0.5854160490286194,0.29971235043066186,Lab 1,Coherence
[ 46.25 -52.92  -8.33   4.58  10.42],[ 12.5  -20.    -7.5    9.17   5.83],0.9299104895660829,0.02203910854528613,Lab 2,Coherence
[ 46.25 -52.92  -8.33   4.58  10.42],[  5.86   2.71 -11.06  -0.63   3.14],0.2637412838327803,0.6681289115669947,Lab 1 and 2,Coherence
[ 38.33 -61.67   5.    13.33   5.  ],[  9.24  17.15 -19.67  -9.62   2.95],-0.4189947680411362,0.482567906245126,Lab 1,Grammar
[ 38.33 -61.67   5.    13.33   5.  ],[ 14.17 -23.33  -8.33   9.17   8.33],0.9119353535801706,0.030953845331057155,Lab 2,Grammar
[ 38.33 -61.67   5.    13.33   5.  ],[ 11.72  -3.13 -13.99  -0.21   5.66],0.4162809970094672,0.4857074196275254,Lab 1 and 2,Grammar
[ 30.83 -36.67  -4.58   3.75   6.67],[ -2.54  44.68 -25.96 -14.77  -1.3 ],-0.6336628385927606,0.2510255522061076,Lab 1,Repetition
[ 30.83 -36.67  -4.58   3.75   6.67],[ 5.83 -5.83 -5.    0.83  4.17],0.8711113677891045,0.05445980920652134,Lab 2,Repetition
[ 30.83 -36.67  -4.58   3.75   6.67],[  1.68  19.16 -15.37  -6.92   1.49],-0.4777553995471132,0.41570871704873325,Lab 1 and 2,Repetition
