input a,input b,spearman_corr,spearman_p,survey_origin,measure
[ 46.25 -52.92  -8.33   4.58  10.42],[ -0.84  25.52 -14.64 -10.46   0.42],-0.09999999999999999,0.8728885715695383,Lab 1,Coherence
[ 46.25 -52.92  -8.33   4.58  10.42],[ 12.5  -20.    -7.5    9.17   5.83],0.8999999999999998,0.03738607346849874,Lab 2,Coherence
[ 46.25 -52.92  -8.33   4.58  10.42],[  5.86   2.71 -11.06  -0.63   3.14],0.7,0.1881204043741873,Lab 1 and 2,Coherence
[ 38.33 -61.67   5.    13.33   5.  ],[  9.24  17.15 -19.67  -9.62   2.95],-0.20519567041703085,0.7405819415910722,Lab 1,Grammar
[ 38.33 -61.67   5.    13.33   5.  ],[ 14.17 -23.33  -8.33   9.17   8.33],0.9746794344808963,0.004818230468198566,Lab 2,Grammar
[ 38.33 -61.67   5.    13.33   5.  ],[ 11.72  -3.13 -13.99  -0.21   5.66],0.6668859288553503,0.21889398131323154,Lab 1 and 2,Grammar
[ 30.83 -36.67  -4.58   3.75   6.67],[ -2.54  44.68 -25.96 -14.77  -1.3 ],-0.09999999999999999,0.8728885715695383,Lab 1,Repetition
[ 30.83 -36.67  -4.58   3.75   6.67],[ 5.83 -5.83 -5.    0.83  4.17],0.9999999999999999,1.4042654220543672e-24,Lab 2,Repetition
[ 30.83 -36.67  -4.58   3.75   6.67],[  1.68  19.16 -15.37  -6.92   1.49],0.0,1.0,Lab 1 and 2,Repetition
